{
    "Gameplay": {
        "downscroll": true,
        "scroll_time": 0.4,
        "timings": {
            "hit_window": 0.1,
            "perfect": 0.035,
            "okay": 0.075
        },
        "ranks": {
            "s+": 1,
            "s": 0.95,
            "a": 0.90,
            "b": 0.80,
            "c": 0.65,
            "d": 0.50,
            "f": 0
        },
        "back_trans": 0.5,
        "botplay": false
    },
    "Binds": {
        "4": [["d", "f", "j", "k"], ["left", "down", "up", "right"]],
        "6": [["s", "d", "f", "j", "k", "l"]],
        "7": [["s", "d", "f", "space", "j", "k", "l"]],
        "8": [["a", "s", "d", "f", "h", "j", "k", "l"]],
        "9": [["a", "s", "d", "f", "space", "h", "j", "k", "l"]]
    },
    "Customisation": {
        "content_folder": "/mnt/3C1C05611C051792/Programming/Python/Ignite/ContentFolder/",
        "skin": "FNF"
    },
    "Audio": {
        "volume": {
            "master": 0.15,
            "music": 0.75,
            "hitsound": 0.5,
            "miss": 0.5,
            "menu": 0.25,
            "sfx": 1
        },
        "offset": 0
    },
    "Video": {
        "fps_cap": 0
    }
}
