{
    "strumline":{
        "x_origin": {
            "4": 499
        },
        "y_origin": {
            "down": 650,
            "up": 70
        },
        "size": 84,
        "spacing": 10 
    },
    "sustain":{
        "width": 40,
        "tip": [40,25]
    },
    "text": {
        "score": {
            "text": "%s",
            "font": "default.ttf",
            "size": 50,
            "position": [20,10]
        },
        "accuracy": {
            "text": "%s%",
            "font": "default.ttf",
            "size": 32,
            "position": [20,65]
        },
        "misses_label": {
            "text": "MISSES",
            "font": "default.ttf",
            "size": 32,
            "position": [20,610]
        },
        "misses": {
            "text": "%s",
            "font": "default.ttf",
            "size": 50,
            "position": [20,640]
        },
        "combo_label": {
            "text": "COMBO",
            "font": "default.ttf",
            "size": 32,
            "position": [1260,610],
            "text_align": "right"
        },
        "combo": {
            "text": "%s",
            "font": "default.ttf",
            "size": 50,
            "position": [1260,640],
            "text_align": "right"
        },
        "rank": {
            "text": "%s RANK",
            "font": "default.ttf",
            "size": 50,
            "position": [1260,10],
            "text_align": "right"
        }
    }  
}